"timestamp_sec_str","app","cenario","carros_ativos","vazao_env_carro_total_bps","vazao_env_carro_media_bps","vazao_rec_servidor_total_bps","vazao_rec_servidor_media_bps","rtt_medio_ms","rtt_medio_ms_interpolated","pdr_inst_pacotes","conf_inst_bits","pdr_cum_pacotes","conf_cum_bits"
"1987-10-05 11:01:26 UTC","S","FS",1,479360,479360,0,0,2.459,2.459,0,0,0,0
"1987-10-05 11:01:27 UTC","S","FS",1,491344,491344,0,0,0.756,0.756,0,0,0,0
"1987-10-05 11:01:28 UTC","S","FS",1,503328,503328,0,0,1.1374,1.1374,0,0,0,0
"1987-10-05 11:01:29 UTC","S","FS",1,491344,491344,0,0,1.1776,1.1776,0,0,0,0
"1987-10-05 11:01:30 UTC","S","FS",1,503328,503328,0,0,0.7896,0.7896,0,0,0,0
"1987-10-05 11:01:31 UTC","S","FS",1,503328,503328,515312,515312,2.4328,2.4328,1,1,0.173387096774194,0.173387096774194
"1987-10-05 11:01:32 UTC","S","FS",1,491344,491344,491344,491344,0.8786,0.8786,1,1,0.290657439446367,0.290657439446367
"1987-10-05 11:01:33 UTC","S","FS",1,503328,503328,491344,491344,2.00725,2.00725,0.976190476190476,0.976190476190476,0.377643504531722,0.377643504531722
"1987-10-05 11:01:34 UTC","S","FS",1,491344,491344,503328,503328,1.3302,1.3302,1,1,0.448924731182796,0.448924731182796
"1987-10-05 11:01:35 UTC","S","FS",1,503328,503328,503328,503328,1.4704,1.4704,1,1,0.504830917874396,0.504830917874396
"1987-10-05 11:01:36 UTC","S","FS",1,491344,491344,491344,491344,0.771,0.771,1,1,0.549450549450549,0.549450549450549
"1987-10-05 11:01:37 UTC","S","FS",1,503328,503328,503328,503328,1.174,1.174,1,1,0.587525150905433,0.587525150905433
"1987-10-05 11:01:38 UTC","S","FS",5,2396800,479360,491344,98268.8,1.3758,1.3758,0.205,0.205,0.477761836441894,0.477761836441894
"1987-10-05 11:01:39 UTC","S","FS",5,2504656,500931.2,503328,100665.6,0.8442,0.8442,0.200956937799043,0.200956937799043,0.413907284768212,0.413907284768212
"1987-10-05 11:01:40 UTC","S","FS",5,2468704,493740.8,491344,98268.8,1.2822,1.2822,0.199029126213592,0.199029126213592,0.37410071942446,0.37410071942446
"1987-10-05 11:01:41 UTC","S","FS",5,2504656,500931.2,503328,100665.6,0.802,0.802,0.200956937799043,0.200956937799043,0.34670704012112,0.34670704012112
"1987-10-05 11:01:42 UTC","S","FS",5,2468704,493740.8,491344,98268.8,1.6878,1.6878,0.199029126213592,0.199029126213592,0.326784544859201,0.326784544859201
"1987-10-05 11:01:43 UTC","S","FS",5,2504656,500931.2,623168,124633.6,1.531,1.531,0.248803827751196,0.248803827751196,0.317396313364055,0.317396313364055
"1987-10-05 11:01:44 UTC","S","FS",5,2456720,491344,1114512,222902.4,2.1072,2.1072,0.453658536585366,0.453658536585366,0.331787738279238,0.331787738279238
"1987-10-05 11:01:45 UTC","S","FS",5,2504656,500931.2,1366176,273235.2,1.7308,1.7308,0.545454545454545,0.545454545454545,0.352558139534884,0.352558139534884
"1987-10-05 11:01:46 UTC","S","FS",5,2456720,491344,2336880,467376,0.8346,0.8346,0.951219512195122,0.951219512195122,0.404670912951168,0.404670912951168
"1987-10-05 11:01:47 UTC","S","FS",5,2504656,500931.2,2456720,491344,3.165,3.165,0.980861244019139,0.980861244019139,0.451638065522621,0.451638065522621
"1987-10-05 11:01:48 UTC","S","FS",5,2468704,493740.8,2516640,503328,0.7736,0.7736,1,1,0.493862815884477,0.493862815884477
"1987-10-05 11:01:49 UTC","S","FS",5,2492672,498534.4,2468704,493740.8,0.5952,0.5952,0.990384615384615,0.990384615384615,0.528542646071189,0.528542646071189
"1987-10-05 11:01:50 UTC","S","FS",5,2480688,496137.6,2492672,498534.4,1.9744,1.9744,1,1,0.559497645211931,0.559497645211931
"1987-10-05 11:01:51 UTC","S","FS",5,2480688,496137.6,2468704,493740.8,0.413,0.413,0.995169082125604,0.995169082125604,0.586084905660377,0.586084905660377
"1987-10-05 11:01:52 UTC","S","FS",5,2480688,496137.6,2468704,493740.8,0.749,0.749,0.995169082125604,0.995169082125604,0.609613781606002,0.609613781606002
"1987-10-05 11:01:53 UTC","S","FS",5,2480688,496137.6,2492672,498534.4,1.2118,1.2118,1,1,0.631108775617446,0.631108775617446
"1987-10-05 11:01:54 UTC","S","FS",5,2480688,496137.6,2480688,496137.6,1.1596,1.1596,1,1,0.650137054572639,0.650137054572639
"1987-10-05 11:01:55 UTC","S","FS",5,2492672,498534.4,2480688,496137.6,1.105,1.105,0.995192307692308,0.995192307692308,0.66714048803601,0.66714048803601
"1987-10-05 11:01:56 UTC","S","FS",5,2480688,496137.6,2492672,498534.4,0.9734,0.9734,1,1,0.682926829268293,0.682926829268293
"1987-10-05 11:01:57 UTC","S","FS",5,2492672,498534.4,2480688,496137.6,0.6292,0.6292,0.995192307692308,0.995192307692308,0.696937014667817,0.696937014667817
"1987-10-05 11:01:58 UTC","S","FS",5,2468704,493740.8,2480688,496137.6,1.0274,1.0274,1,1,0.71003717472119,0.71003717472119
"1987-10-05 11:01:59 UTC","S","FS",5,2480688,496137.6,2504656,500931.2,0.794,0.794,1,1,0.722321251733016,0.722321251733016
"1987-10-05 11:02:00 UTC","S","FS",5,2492672,498534.4,2468704,493740.8,1.0246,1.0246,0.990384615384615,0.990384615384615,0.732927525204489,0.732927525204489
"1987-10-05 11:02:01 UTC","S","FS",5,2480688,496137.6,2492672,498534.4,1.8988,1.8988,1,1,0.743228404099561,0.743228404099561
"1987-10-05 11:02:02 UTC","S","FS",5,2480688,496137.6,2456720,491344,1.1624,1.1624,0.990338164251208,0.990338164251208,0.752248280726503,0.752248280726503
"1987-10-05 11:02:03 UTC","S","FS",5,2480688,496137.6,2504656,500931.2,0.5704,0.5704,1,1,0.761313371895202,0.761313371895202
"1987-10-05 11:02:04 UTC","S","FS",5,2480688,496137.6,2468704,493740.8,2.1246,2.1246,0.995169082125604,0.995169082125604,0.769268693508628,0.769268693508628
"1987-10-05 11:02:05 UTC","S","FS",5,2492672,498534.4,2492672,498534.4,1.0094,1.0094,1,1,0.77689496265692,0.77689496265692
"1987-10-05 11:02:06 UTC","S","FS",5,2468704,493740.8,2468704,493740.8,2.7562,2.7562,1,1,0.783966764117557,0.783966764117557
"1987-10-05 11:02:07 UTC","S","FS",5,2504656,500931.2,2468704,493740.8,2.9848,2.9848,0.985645933014354,0.985645933014354,0.790250447227191,0.790250447227191
"1987-10-05 11:02:08 UTC","S","FS",5,2468704,493740.8,2516640,503328,0.669,0.669,1,1,0.797078391669077,0.797078391669077
"1987-10-05 11:02:09 UTC","S","FS",5,2492672,498534.4,2468704,493740.8,3.6502,3.6502,0.990384615384615,0.990384615384615,0.802723953945521,0.802723953945521
"1987-10-05 11:02:10 UTC","S","FS",5,2492672,498534.4,2480688,496137.6,1.4006,1.4006,0.995192307692308,0.995192307692308,0.80818553888131,0.80818553888131
"1987-10-05 11:02:11 UTC","S","FS",5,2468704,493740.8,2480688,496137.6,0.6716,0.6716,1,1,0.813561571125265,0.813561571125265
"1987-10-05 11:02:12 UTC","S","FS",5,2480688,496137.6,2492672,498534.4,1.374,1.374,1,1,0.818674932196823,0.818674932196823
"1987-10-05 11:02:13 UTC","S","FS",5,2480688,496137.6,2480688,496137.6,1.07125,1.07125,1,1,0.823396226415094,0.823396226415094
"1987-10-05 11:02:14 UTC","S","FS",5,2492672,498534.4,2480688,496137.6,1.9172,1.9172,0.995192307692308,0.995192307692308,0.827776415788183,0.827776415788183
"1987-10-05 11:02:15 UTC","S","FS",5,2468704,493740.8,2504656,500931.2,2.08,2.08,1,1,0.832376853180297,0.832376853180297
"1987-10-05 11:02:16 UTC","S","FS",5,2504656,500931.2,2456720,491344,1.6994,1.6994,0.980861244019139,0.980861244019139,0.835996733932112,0.835996733932112
"1987-10-05 11:02:17 UTC","S","FS",5,2468704,493740.8,2504656,500931.2,7.1176,7.1176,1,1,0.840186809431598,0.840186809431598
"1987-10-05 11:02:18 UTC","S","FS",5,2492672,498534.4,2468704,493740.8,0.9745,0.9745,0.990384615384615,0.990384615384615,0.843663068877267,0.843663068877267
"1987-10-05 11:02:19 UTC","S","FS",5,2480688,496137.6,2468704,493740.8,2.44116666666667,2.44116666666667,0.995169082125604,0.995169082125604,0.847074178812269,0.847074178812269
"1987-10-05 11:02:20 UTC","S","FS",5,2468704,493740.8,2468704,493740.8,0.537,0.537,1,1,0.850425531914894,0.850425531914894
"1987-10-05 11:02:21 UTC","S","FS",5,2480688,496137.6,2492672,498534.4,0.9882,0.9882,1,1,0.85375247215572,0.85375247215572
"1987-10-05 11:02:22 UTC","S","FS",5,2444736,488947.2,2480688,496137.6,0.9334,0.9334,1,1,0.857099174396086,0.857099174396086
"1987-10-05 11:02:23 UTC","S","FS",5,2516640,503328,2492672,498534.4,0.8706,0.8706,0.990476190476191,0.990476190476191,0.85989422213352,0.85989422213352
"1987-10-05 11:02:24 UTC","S","FS",5,2468704,493740.8,2468704,493740.8,0.9602,0.9602,1,1,0.862716339102376,0.862716339102376
"1987-10-05 11:02:25 UTC","S","FS",5,2480688,496137.6,2492672,498534.4,0.5488,0.5488,1,1,0.865535748514472,0.865535748514472
"1987-10-05 11:02:26 UTC","S","FS",5,2468704,493740.8,2468704,493740.8,0.8976,0.8976,1,1,0.868139097744361,0.868139097744361
"1987-10-05 11:02:27 UTC","S","FS",5,2492672,498534.4,2504656,500931.2,0.8564,0.8564,1,1,0.870759587020649,0.870759587020649
"1987-10-05 11:02:28 UTC","S","FS",5,2480688,496137.6,2456720,491344,0.6948,0.6948,0.990338164251208,0.990338164251208,0.872998643147897,0.872998643147897
"1987-10-05 11:02:29 UTC","S","FS",5,2468704,493740.8,2468704,493740.8,0.8418,0.8418,1,1,0.875321907468253,0.875321907468253
"1987-10-05 11:02:30 UTC","S","FS",5,2492672,498534.4,2480688,496137.6,1.138,1.138,0.995192307692308,0.995192307692308,0.877495858400907,0.877495858400907
"1987-10-05 11:02:31 UTC","S","FS",5,2468704,493740.8,2492672,498534.4,3.2084,3.2084,1,1,0.87982869379015,0.87982869379015
"1987-10-05 11:02:32 UTC","S","FS",5,2480688,496137.6,2480688,496137.6,1.3614,1.3614,1,1,0.88192223531392,0.88192223531392
"1987-10-05 11:02:33 UTC","S","FS",5,2480688,496137.6,2480688,496137.6,4.198,4.198,1,1,0.883944081396311,0.883944081396311
"1987-10-05 11:02:34 UTC","S","FS",5,2480688,496137.6,2468704,493740.8,1.2966,1.2966,0.995169082125604,0.995169082125604,0.885816525699414,0.885816525699414
"1987-10-05 11:02:35 UTC","S","FS",5,2480688,496137.6,2480688,496137.6,0.7428,0.7428,1,1,0.88770695033192,0.88770695033192
"1987-10-05 11:02:36 UTC","S","FS",5,2480688,496137.6,2480688,496137.6,2.0978,2.0978,1,1,0.889535798583792,0.889535798583792
"1987-10-05 11:02:37 UTC","S","FS",5,2492672,498534.4,2468704,493740.8,1.5232,1.5232,0.990384615384615,0.990384615384615,0.891159622232544,0.891159622232544
"1987-10-05 11:02:38 UTC","S","FS",5,2456720,491344,2480688,496137.6,1.788,1.788,1,1,0.893012268536158,0.893012268536158
"1987-10-05 11:02:39 UTC","S","FS",5,2480688,496137.6,2492672,498534.4,1.2996,1.2996,1,1,0.894748687171793,0.894748687171793
"1987-10-05 11:02:40 UTC","S","FS",5,2480688,496137.6,2468704,493740.8,0.6356,0.6356,0.995169082125604,0.995169082125604,0.896284257959666,0.896284257959666
"1987-10-05 11:02:41 UTC","S","FS",5,2492672,498534.4,2492672,498534.4,1.6474,1.6474,1,1,0.897853765005457,0.897853765005457
"1987-10-05 11:02:42 UTC","S","FS",5,2480688,496137.6,2480688,496137.6,1.0814,1.0814,1,1,0.899369266055046,0.899369266055046
"1987-10-05 11:02:43 UTC","S","FS",5,2468704,493740.8,2492672,498534.4,0.921,0.921,1,1,0.900974713942647,0.900974713942647
"1987-10-05 11:02:44 UTC","S","FS",5,2492672,498534.4,2480688,496137.6,0.62,0.62,0.995192307692308,0.995192307692308,0.902338855631352,0.902338855631352
"1987-10-05 11:02:45 UTC","S","FS",5,2468704,493740.8,2468704,493740.8,1.5175,1.5175,1,1,0.903719461981883,0.903719461981883
"1987-10-05 11:02:46 UTC","S","FS",5,2468704,493740.8,2480688,496137.6,0.7434,0.7434,1,1,0.905129246176749,0.905129246176749
"1987-10-05 11:02:47 UTC","S","FS",5,2480688,496137.6,2468704,493740.8,1.0038,1.0038,0.995169082125604,0.995169082125604,0.906373039706373,0.906373039706373
"1987-10-05 11:02:48 UTC","S","FS",5,2480688,496137.6,2492672,498534.4,0.733,0.733,1,1,0.907714586624539,0.907714586624539
"1987-10-05 11:02:49 UTC","S","FS",5,2468704,493740.8,2468704,493740.8,1.2214,1.2214,1,1,0.90894921418366,0.90894921418366
"1987-10-05 11:02:50 UTC","S","FS",5,2480688,496137.6,2468704,493740.8,0.8496,0.8496,0.995169082125604,0.995169082125604,0.910092918936238,0.910092918936238
"1987-10-05 11:02:51 UTC","S","FS",5,2480688,496137.6,2504656,500931.2,1.51316666666667,1.51316666666667,1,1,0.911396407791551,0.911396407791551
"1987-10-05 11:02:52 UTC","S","FS",5,2480688,496137.6,2468704,493740.8,1.74716666666667,1.74716666666667,0.995169082125604,0.995169082125604,0.912478931269118,0.912478931269118
"1987-10-05 11:02:53 UTC","S","FS",5,2468704,493740.8,2456720,491344,6.81071428571429,6.81071428571429,0.995145631067961,0.995145631067961,0.913528505392912,0.913528505392912
"1987-10-05 11:02:54 UTC","S","FS",5,2480688,496137.6,2492672,498534.4,3.21842857142857,3.21842857142857,1,1,0.914678675754625,0.914678675754625
"1987-10-05 11:02:55 UTC","S","FS",5,2492672,498534.4,2480688,496137.6,2.064,2.064,0.995192307692308,0.995192307692308,0.915685096153846,0.915685096153846
"1987-10-05 11:02:56 UTC","S","FS",5,2480688,496137.6,2468704,493740.8,1.20542857142857,1.20542857142857,0.995169082125604,0.995169082125604,0.916661720187571,0.916661720187571
"1987-10-05 11:02:57 UTC","S","FS",5,2468704,493740.8,2504656,500931.2,4.12728571428571,4.12728571428571,1,1,0.91784436755996,0.91784436755996
"1987-10-05 11:02:58 UTC","S","FS",5,2480688,496137.6,2456720,491344,2.49528571428571,2.49528571428571,0.990338164251208,0.990338164251208,0.918713789107764,0.918713789107764
"1987-10-05 11:02:59 UTC","S","FS",5,2492672,498534.4,2492672,498534.4,4.13685714285714,4.13685714285714,1,1,0.919681703686742,0.919681703686742
"1987-10-05 11:03:00 UTC","S","FS",5,2480688,496137.6,2480688,496137.6,1.82071428571429,1.82071428571429,1,1,0.920622347949081,0.920622347949081
"1987-10-05 11:03:01 UTC","S","FS",5,2468704,493740.8,2492672,498534.4,1.48371428571429,1.48371428571429,1,1,0.921648677367038,0.921648677367038
"1987-10-05 11:03:02 UTC","S","FS",5,2492672,498534.4,2480688,496137.6,0.963142857142857,0.963142857142857,0.995192307692308,0.995192307692308,0.92249433357289,0.92249433357289
"1987-10-05 11:03:03 UTC","S","FS",5,2468704,493740.8,2492672,498534.4,3.56071428571429,3.56071428571429,1,1,0.92347635966111,0.92347635966111
"1987-10-05 11:03:04 UTC","S","FS",5,2492672,498534.4,2468704,493740.8,2.125125,2.125125,0.990384615384615,0.990384615384615,0.924228503485921,0.924228503485921
"1987-10-05 11:03:05 UTC","S","FS",5,2444736,488947.2,2480688,496137.6,1.40175,1.40175,1,1,0.925215160100497,0.925215160100497
"1987-10-05 11:03:06 UTC","S","FS",5,2480688,496137.6,2480688,496137.6,1.52733333333333,1.52733333333333,1,1,0.926033625885587,0.926033625885587
"1987-10-05 11:03:07 UTC","S","FS",5,2492672,498534.4,2480688,496137.6,2.97555555555556,2.97555555555556,0.995192307692308,0.995192307692308,0.926785901056375,0.926785901056375
"1987-10-05 11:03:08 UTC","S","FS",5,2480688,496137.6,2492672,498534.4,10.5268181818182,10.5268181818182,1,1,0.927621708313932,0.927621708313932
"1987-10-05 11:03:09 UTC","S","FS",5,2480688,496137.6,2468704,493740.8,2.42345454545455,2.42345454545455,0.995169082125604,0.995169082125604,0.928337428337428,0.928337428337428
"1987-10-05 11:03:10 UTC","S","FS",5,2480688,496137.6,2468704,493740.8,7.65545454545455,7.65545454545455,0.995169082125604,0.995169082125604,0.929038140100289,0.929038140100289
"1987-10-05 11:03:11 UTC","S","FS",5,2492672,498534.4,2504656,500931.2,2.00272727272727,2.00272727272727,1,1,0.929828078793043,0.929828078793043
"1987-10-05 11:03:12 UTC","S","FS",5,2480688,496137.6,2468704,493740.8,1.93863636363636,1.93863636363636,0.995169082125604,0.995169082125604,0.930499057446175,0.930499057446175
"1987-10-05 11:03:13 UTC","S","FS",5,2480688,496137.6,2456720,491344,16.4959090909091,16.4959090909091,0.990338164251208,0.990338164251208,0.931107291922416,0.931107291922416
"1987-10-05 11:03:14 UTC","S","FS",5,2492672,498534.4,2480688,496137.6,5.13090909090909,5.13090909090909,0.995192307692308,0.995192307692308,0.93175521314344,0.93175521314344
"1987-10-05 11:03:15 UTC","S","FS",5,2468704,493740.8,2492672,498534.4,2.25909090909091,2.25909090909091,1,1,0.932528033110352,0.932528033110352
"1987-10-05 11:03:16 UTC","S","FS",5,2492672,498534.4,2480688,496137.6,9.41027272727273,9.41027272727273,0.995192307692308,0.995192307692308,0.93314909229523,0.93314909229523
"1987-10-05 11:03:17 UTC","S","FS",5,2468704,493740.8,2492672,498534.4,2.70463636363636,2.70463636363636,1,1,0.933893266644647,0.933893266644647
"1987-10-05 11:03:18 UTC","S","FS",5,2492672,498534.4,2480688,496137.6,5.143,5.143,0.995192307692308,0.995192307692308,0.934489042568104,0.934489042568104
"1987-10-05 11:03:19 UTC","S","FS",5,2480688,496137.6,2480688,496137.6,2.97654545454545,2.97654545454545,1,1,0.935116623472788,0.935116623472788
"1987-10-05 11:03:20 UTC","S","FS",5,2492672,498534.4,2492672,498534.4,12.2074545454545,12.2074545454545,1,1,0.935735240190686,0.935735240190686
"1987-10-05 11:03:21 UTC","S","FS",5,2492672,498534.4,2456720,491344,4.926,4.926,0.985576923076923,0.985576923076923,0.936205957137668,0.936205957137668
"1987-10-05 11:03:22 UTC","S","FS",5,2480688,496137.6,2516640,503328,5.09472727272727,5.09472727272727,1,1,0.936934910710269,0.936934910710269
"1987-10-05 11:03:23 UTC","S","FS",5,2480688,496137.6,2456720,491344,3.947,3.947,0.990338164251208,0.990338164251208,0.937427578215527,0.937427578215527
"1987-10-05 11:03:24 UTC","S","FS",5,2492672,498534.4,2480688,496137.6,3.89818181818182,3.89818181818182,0.995192307692308,0.995192307692308,0.93795813830257,0.93795813830257
"1987-10-05 11:03:25 UTC","S","FS",5,2468704,493740.8,2492672,498534.4,2.4458,2.4458,1,1,0.938604936110625,0.938604936110625
"1987-10-05 11:03:26 UTC","S","FS",5,2468704,493740.8,2480688,496137.6,4.16527272727273,4.16527272727273,1,1,0.939196808049267,0.939196808049267
"1987-10-05 11:03:27 UTC","S","FS",5,2492672,498534.4,2492672,498534.4,5.16654545454545,5.16654545454545,1,1,0.939740393707556,0.939740393707556
"1987-10-05 11:03:28 UTC","S","FS",5,2492672,498534.4,2456720,491344,8.66727272727273,8.66727272727273,0.985576923076923,0.985576923076923,0.940146545113743,0.940146545113743
"1987-10-05 11:03:29 UTC","S","FS",5,2492672,498534.4,2516640,503328,3.90433333333333,3.90433333333333,1,1,0.940756692846888,0.940756692846888
"1987-10-05 11:03:30 UTC","S","FS",5,2468704,493740.8,2396800,479360,10.2987272727273,10.2987272727273,0.970873786407767,0.970873786407767,0.941016409912927,0.941016409912927
"1987-10-05 11:03:31 UTC","S","FS",5,2492672,498534.4,2516640,503328,5.50888888888889,5.50888888888889,1,1,0.941608565737052,0.941608565737052
"1987-10-05 11:03:32 UTC","S","FS",5,2480688,496137.6,2456720,491344,8.307,8.307,0.990338164251208,0.990338164251208,0.942023618483315,0.942023618483315
"1987-10-05 11:03:33 UTC","S","FS",5,2468704,493740.8,2492672,498534.4,19.3982222222222,19.3982222222222,1,1,0.942592517034559,0.942592517034559
"1987-10-05 11:03:34 UTC","S","FS",5,2492672,498534.4,2480688,496137.6,1.82881818181818,1.82881818181818,0.995192307692308,0.995192307692308,0.943035157988429,0.943035157988429
"1987-10-05 11:03:35 UTC","S","FS",5,2480688,496137.6,2480688,496137.6,4.47327272727273,4.47327272727273,1,1,0.943508265125983,0.943508265125983
"1987-10-05 11:03:36 UTC","S","FS",5,2468704,493740.8,2492672,498534.4,2.60581818181818,2.60581818181818,1,1,0.944050935137286,0.944050935137286
"1987-10-05 11:03:37 UTC","S","FS",5,2504656,500931.2,2468704,493740.8,10.0312727272727,10.0312727272727,0.985645933014354,0.985645933014354,0.944394017127748,0.944394017127748
"1987-10-05 11:03:38 UTC","S","FS",5,2456720,491344,2480688,496137.6,6.65763636363636,6.65763636363636,1,1,0.944918571875979,0.944918571875979
"1987-10-05 11:03:39 UTC","S","FS",5,2504656,500931.2,2492672,498534.4,5.63881818181818,5.63881818181818,0.995215311004785,0.995215311004785,0.945326758047606,0.945326758047606
"1987-10-05 11:03:40 UTC","S","FS",5,2480688,496137.6,2468704,493740.8,12.7199090909091,12.7199090909091,0.995169082125604,0.995169082125604,0.945724191063174,0.945724191063174
"1987-10-05 11:03:41 UTC","S","FS",5,2480688,496137.6,2480688,496137.6,4.38390909090909,4.38390909090909,1,1,0.946153552184049,0.946153552184049
"1987-10-05 11:03:42 UTC","S","FS",5,2492672,498534.4,2480688,496137.6,11.9467142857143,11.9467142857143,0.995192307692308,0.995192307692308,0.94654028436019,0.94654028436019
"1987-10-05 11:03:43 UTC","S","FS",5,2456720,491344,2492672,498534.4,7.14518181818182,7.14518181818182,1,1,0.94706546275395,0.94706546275395
"1987-10-05 11:03:44 UTC","S","FS",5,2504656,500931.2,2468704,493740.8,5.426,5.426,0.985645933014354,0.985645933014354,0.947366456381351,0.947366456381351
"1987-10-05 11:03:45 UTC","S","FS",5,2468704,493740.8,2480688,496137.6,7.036,7.036,1,1,0.947805149101685,0.947805149101685
"1987-10-05 11:03:46 UTC","S","FS",5,2504656,500931.2,2468704,493740.8,12.2866666666667,12.2866666666667,0.985645933014354,0.985645933014354,0.948095868254668,0.948095868254668
"1987-10-05 11:03:47 UTC","S","FS",5,2468704,493740.8,2492672,498534.4,11.5033333333333,11.5033333333333,1,1,0.948558920102152,0.948558920102152
"1987-10-05 11:03:48 UTC","S","FS",5,2480688,496137.6,2480688,496137.6,4.67945454545455,4.67945454545455,1,1,0.948944490712242,0.948944490712242
"1987-10-05 11:03:49 UTC","S","FS",5,2480688,496137.6,2480688,496137.6,6.87945454545455,6.87945454545455,1,1,0.949324324324324,0.949324324324324
"1987-10-05 11:03:50 UTC","S","FS",5,2456720,491344,2492672,498534.4,5.66755555555556,5.66755555555556,1,1,0.949801990795248,0.949801990795248
"1987-10-05 11:03:51 UTC","S","FS",5,2504656,500931.2,2468704,493740.8,10.1245454545455,10.1245454545455,0.985645933014354,0.985645933014354,0.9500672852185,0.9500672852185
"1987-10-05 11:03:52 UTC","S","FS",5,2492672,498534.4,2480688,496137.6,8.37622222222222,8.37622222222222,0.995192307692308,0.995192307692308,0.950397243900724,0.950397243900724
"1987-10-05 11:03:53 UTC","S","FS",5,2492672,498534.4,2492672,498534.4,8.80111111111111,8.80111111111111,1,1,0.95075731137014,0.95075731137014
"1987-10-05 11:03:54 UTC","S","FS",5,2468704,493740.8,2480688,496137.6,6.46816666666667,6.46816666666667,1,1,0.951143451143451,0.951143451143451
"1987-10-05 11:03:55 UTC","S","FS",5,2480688,496137.6,2492672,498534.4,11.73,11.73,1,1,0.951525785254756,0.951525785254756
"1987-10-05 11:03:56 UTC","S","FS",5,2492672,498534.4,2480688,496137.6,6.05525,6.05525,0.995192307692308,0.995192307692308,0.951836037574722,0.951836037574722
"1987-10-05 11:03:57 UTC","S","FS",5,2492672,498534.4,2480688,496137.6,3.42581818181818,3.42581818181818,0.995192307692308,0.995192307692308,0.952141912288437,0.952141912288437
"1987-10-05 11:03:58 UTC","S","FS",5,2480688,496137.6,2480688,496137.6,2.49472727272727,2.49472727272727,1,1,0.952475581003705,0.952475581003705
"1987-10-05 11:03:59 UTC","S","FS",5,2480688,496137.6,2468704,493740.8,5.92545454545454,5.92545454545454,0.995169082125604,0.995169082125604,0.952771181054955,0.952771181054955
"1987-10-05 11:04:00 UTC","S","FS",5,2492672,498534.4,2480688,496137.6,11.9877777777778,11.9877777777778,0.995192307692308,0.995192307692308,0.953064275037369,0.953064275037369
"1987-10-05 11:04:01 UTC","S","FS",5,2468704,493740.8,2492672,498534.4,6.14725,6.14725,1,1,0.953449242849131,0.953449242849131
"1987-10-05 11:04:02 UTC","S","FS",5,2492672,498534.4,2480688,496137.6,6.5155,6.5155,0.995192307692308,0.995192307692308,0.953733739637603,0.953733739637603
"1987-10-05 11:04:03 UTC","S","FS",5,2480688,496137.6,2492672,498534.4,5.86444444444444,5.86444444444444,1,1,0.954077979561284,0.954077979561284
"1987-10-05 11:04:04 UTC","S","FS",5,2468704,493740.8,2480688,496137.6,9.63333333333333,9.63333333333333,1,1,0.954416138626665,0.954416138626665
"1987-10-05 11:04:05 UTC","S","FS",5,2492672,498534.4,2456720,491344,8.32572727272727,8.32572727272727,0.985576923076923,0.985576923076923,0.954624277456647,0.954624277456647
"1987-10-05 11:04:06 UTC","S","FS",5,2504656,500931.2,2480688,496137.6,6.54690909090909,6.54690909090909,0.990430622009569,0.990430622009569,0.954862994034897,0.954862994034897
"1987-10-05 11:04:07 UTC","S","FS",5,2480688,496137.6,2468704,493740.8,7.77663636363636,7.77663636363636,0.995169082125604,0.995169082125604,0.955127392571936,0.955127392571936
"1987-10-05 11:04:08 UTC","S","FS",5,2480688,496137.6,2504656,500931.2,2.70363636363636,2.70363636363636,1,1,0.955482794446368,0.955482794446368
"1987-10-05 11:04:09 UTC","S","FS",5,2480688,496137.6,2456720,491344,7.39090909090909,7.39090909090909,0.990338164251208,0.990338164251208,0.955708476696903,0.955708476696903
"1987-10-05 11:04:10 UTC","S","FS",5,2480688,496137.6,2492672,498534.4,8.63363636363636,8.63363636363636,1,1,0.95602448954222,0.95602448954222
"1987-10-05 11:04:11 UTC","S","FS",5,2492672,498534.4,2480688,496137.6,5.0475,5.0475,0.995192307692308,0.995192307692308,0.956276053728578,0.956276053728578
"1987-10-05 11:04:12 UTC","S","FS",7,3403456,486208,2492672,356096,2.1961,2.1961,0.732394366197183,0.732394366197183,0.954329792769904,0.954329792769904
"1987-10-05 11:04:13 UTC","S","FS",7,3463376,494768,2480688,354384,5.08718181818182,5.08718181818182,0.716262975778547,0.716262975778547,0.952242247709206,0.952242247709206
"1987-10-05 11:04:14 UTC","S","FS",7,3463376,494768,2456720,350960,7.52444444444444,7.52444444444444,0.709342560553633,0.709342560553633,0.95013083887268,0.95013083887268
"1987-10-05 11:04:15 UTC","S","FS",7,3487344,498192,2996000,428000,12.7483333333333,12.7483333333333,0.859106529209622,0.859106529209622,0.949341045977697,0.949341045977697
"1987-10-05 11:04:16 UTC","S","FS",7,3451392,493056,3067904,438272,10.43125,10.43125,0.888888888888889,0.888888888888889,0.948826346597292,0.948826346597292
"1987-10-05 11:04:17 UTC","S","FS",7,3499328,499904,3463376,494768,2.16236363636364,2.16236363636364,0.98972602739726,0.98972602739726,0.949176387830471,0.949176387830471
"1987-10-05 11:04:18 UTC","S","FS",7,3463376,494768,3499328,499904,8.29528571428571,8.29528571428571,1,1,0.949690469962508,0.949690469962508
"1987-10-05 11:04:19 UTC","S","FS",7,3487344,498192,3451392,493056,5.64790909090909,5.64790909090909,0.989690721649485,0.989690721649485,0.950025938094415,0.950025938094415
"1987-10-05 11:04:20 UTC","S","FS",7,3487344,498192,3463376,494768,11.4279090909091,11.4279090909091,0.993127147766323,0.993127147766323,0.950384406527766,0.950384406527766
"1987-10-05 11:04:21 UTC","S","FS",7,3475360,496480,3475360,496480,3.80545454545455,3.80545454545455,1,1,0.950792256016327,0.950792256016327
"1987-10-05 11:04:22 UTC","S","FS",7,3463376,494768,3463376,494768,6.74545454545455,6.74545454545455,1,1,0.95119208277103,0.95119208277103
"1987-10-05 11:04:23 UTC","S","FS",7,3463376,494768,3487344,498192,9.402,9.402,1,1,0.951641241598572,0.951641241598572
"1987-10-05 11:04:24 UTC","S","FS",11,5380816,489165.090909091,3439408,312673.454545455,5.43444444444444,5.43444444444444,0.639198218262806,0.639198218262806,0.947777226904644,0.947777226904644
"1987-10-05 11:04:25 UTC","S","FS",11,5452720,495701.818181818,3523296,320299.636363636,3.75781818181818,3.75781818181818,0.646153846153846,0.646153846153846,0.944043959631131,0.944043959631131
"1987-10-05 11:04:26 UTC","S","FS",11,5476688,497880.727272727,3439408,312673.454545455,8.44545454545455,8.44545454545455,0.62800875273523,0.62800875273523,0.940163361814176,0.940163361814176
"1987-10-05 11:04:27 UTC","S","FS",11,5440736,494612.363636364,3583216,325746.909090909,4.48354545454545,4.48354545454545,0.658590308370044,0.658590308370044,0.936770014865152,0.936770014865152
"1987-10-05 11:04:28 UTC","S","FS",11,5440736,494612.363636364,3966704,360609.454545455,3.16481818181818,3.16481818181818,0.729074889867841,0.729074889867841,0.934296805329696,0.934296805329696
"1987-10-05 11:04:29 UTC","S","FS",11,5452720,495701.818181818,4038608,367146.181818182,12.3289090909091,12.3289090909091,0.740659340659341,0.740659340659341,0.932013167102978,0.932013167102978
"1987-10-05 11:04:30 UTC","S","FS",11,5452720,495701.818181818,4517968,410724.363636364,4.8435,4.8435,0.828571428571429,0.828571428571429,0.930807459780715,0.930807459780715
"1987-10-05 11:04:31 UTC","S","FS",11,5416768,492433.454545455,4889472,444497.454545455,4.28754545454545,4.28754545454545,0.902654867256637,0.902654867256637,0.930485210696921,0.930485210696921
"1987-10-05 11:04:32 UTC","S","FS",11,5464704,496791.272727273,5476688,497880.727272727,4.21009090909091,4.21009090909091,1,1,0.931303825355498,0.931303825355498
"1987-10-05 11:04:33 UTC","S","FS",11,5440736,494612.363636364,5452720,495701.818181818,11.1554545454545,11.1554545454545,1,1,0.932100599039556,0.932100599039556
"1987-10-05 11:04:34 UTC","S","FS",11,5464704,496791.272727273,5488672,498970.181818182,5.10763636363636,5.10763636363636,1,1,0.932907426445391,0.932907426445391
"1987-10-05 11:04:35 UTC","S","FS",11,5464704,496791.272727273,5428752,493522.909090909,6.96222222222222,6.96222222222222,0.993421052631579,0.993421052631579,0.93357540547083,0.93357540547083
"1987-10-05 11:04:36 UTC","S","FS",11,5440736,494612.363636364,5452720,495701.818181818,4.53741666666667,4.53741666666667,1,1,0.934321425150848,0.934321425150848
"1987-10-05 11:04:37 UTC","S","FS",11,5428752,493522.909090909,5392800,490254.545454545,8.56363636363636,8.56363636363636,0.993377483443709,0.993377483443709,0.934955112869223,0.934955112869223
"1987-10-05 11:04:38 UTC","S","FS",11,5476688,497880.727272727,5380816,489165.090909091,9.11290909090909,9.11290909090909,0.982494529540481,0.982494529540481,0.935464217087688,0.935464217087688
"1987-10-05 11:04:39 UTC","S","FS",11,5452720,495701.818181818,5452720,495701.818181818,9.05636363636364,9.05636363636364,1,1,0.936145053212456,0.936145053212456
"1987-10-05 11:04:40 UTC","S","FS",11,5440736,494612.363636364,5428752,493522.909090909,14.621,14.621,0.997797356828194,0.997797356828194,0.93678727944382,0.93678727944382
"1987-10-05 11:04:41 UTC","S","FS",11,5464704,496791.272727273,5404784,491344,8.12166666666667,8.12166666666667,0.989035087719298,0.989035087719298,0.937328277208838,0.937328277208838
"1987-10-05 11:04:42 UTC","S","FS",11,5440736,494612.363636364,5476688,497880.727272727,7.23666666666667,7.23666666666667,1,1,0.938035196547772,0.938035196547772
"1987-10-05 11:04:43 UTC","S","FS",11,5476688,497880.727272727,5404784,491344,10.505,10.505,0.986870897155361,0.986870897155361,0.93853170189099,0.93853170189099
"1987-10-05 11:04:44 UTC","S","FS",11,5416768,492433.454545455,5488672,498970.181818182,7.98555555555556,7.98555555555556,1,1,0.939275802828069,0.939275802828069
"1987-10-05 11:04:45 UTC","S","FS",11,5464704,496791.272727273,5404784,491344,10.60125,10.60125,0.989035087719298,0.989035087719298,0.939770596188233,0.939770596188233
"1987-10-05 11:04:46 UTC","S","FS",11,5428752,493522.909090909,5356848,486986.181818182,11.54,11.54,0.986754966887417,0.986754966887417,0.940230182893913,0.940230182893913
"1987-10-05 11:04:47 UTC","S","FS",11,5500656,500059.636363636,5332880,484807.272727273,8.15272727272727,8.15272727272727,0.969498910675381,0.969498910675381,0.940517425700235,0.940517425700235
"1987-10-05 11:04:48 UTC","S","FS",11,5416768,492433.454545455,5368832,488075.636363636,7.233,7.233,0.991150442477876,0.991150442477876,0.941002075303884,0.941002075303884
"1987-10-05 11:04:49 UTC","S","FS",11,5452720,495701.818181818,5380816,489165.090909091,2.61555555555556,2.61555555555556,0.986813186813187,0.986813186813187,0.941439268410345,0.941439268410345
"1987-10-05 11:04:50 UTC","S","FS",11,5488672,498970.181818182,5464704,496791.272727273,7.015,7.015,0.995633187772926,0.995633187772926,0.941954918458502,0.941954918458502
"1987-10-05 11:04:51 UTC","S","FS",11,5428752,493522.909090909,5428752,493522.909090909,7.7989,7.7989,1,1,0.942496089569441,0.942496089569441
"1987-10-05 11:04:52 UTC","S","FS",11,5488672,498970.181818182,5320896,483717.818181818,27.13,27.13,0.96943231441048,0.96943231441048,0.942747624678873,0.942747624678873
"1987-10-05 11:04:53 UTC","S","FS",11,5452720,495701.818181818,5201056,472823.272727273,14.315,14.315,0.953846153846154,0.953846153846154,0.942849639401224,0.942849639401224
"1987-10-05 11:04:54 UTC","S","FS",11,5428752,493522.909090909,5308912,482628.363636364,5.16618181818182,5.16618181818182,0.977924944812362,0.977924944812362,0.943167714297153,0.943167714297153
"1987-10-05 11:04:55 UTC","S","FS",11,5476688,497880.727272727,5045264,458660.363636364,7.407,7.407,0.921225382932166,0.921225382932166,0.942968796492829,0.942968796492829
"1987-10-05 11:04:56 UTC","S","FS",11,5476688,497880.727272727,5332880,484807.272727273,8.33,8.33,0.973741794310722,0.973741794310722,0.943245262247385,0.943245262247385
"1987-10-05 11:04:57 UTC","S","FS",11,5476688,497880.727272727,5392800,490254.545454545,16.0544444444444,16.0544444444444,0.984682713347921,0.984682713347921,0.943614223088164,0.943614223088164
"1987-10-05 11:04:58 UTC","S","FS",11,5428752,493522.909090909,5344864,485896.727272727,10.14875,10.14875,0.984547461368653,0.984547461368653,0.943972343466337,0.943972343466337
"1987-10-05 11:04:59 UTC","S","FS",11,5404784,491344,5320896,483717.818181818,10.2825,10.2825,0.984478935698448,0.984478935698448,0.944322119895077,0.944322119895077
"1987-10-05 11:05:00 UTC","S","FS",11,5452720,495701.818181818,5332880,484807.272727273,8.2763,8.2763,0.978021978021978,0.978021978021978,0.944613165287374,0.944613165287374
"1987-10-05 11:05:01 UTC","S","FS",11,5428752,493522.909090909,5057248,459749.818181818,7.48128571428571,7.48128571428571,0.931567328918322,0.931567328918322,0.944501947795321,0.944501947795321
"1987-10-05 11:05:02 UTC","S","FS",11,5464704,496791.272727273,5284944,480449.454545455,7.46363636363636,7.46363636363636,0.967105263157895,0.967105263157895,0.944694269774038,0.944694269774038
"1987-10-05 11:05:03 UTC","S","FS",11,5452720,495701.818181818,5284944,480449.454545455,3.936,3.936,0.969230769230769,0.969230769230769,0.944900828892836,0.944900828892836
"1987-10-05 11:05:04 UTC","S","FS",11,5440736,494612.363636364,5368832,488075.636363636,7.421,7.421,0.986784140969163,0.986784140969163,0.945249715606767,0.945249715606767
"1987-10-05 11:05:05 UTC","S","FS",11,5452720,495701.818181818,4961376,451034.181818182,10.209,10.209,0.90989010989011,0.90989010989011,0.944956966355514,0.944956966355514
"1987-10-05 11:05:06 UTC","S","FS",11,5428752,493522.909090909,5105184,464107.636363636,6.42909090909091,6.42909090909091,0.940397350993378,0.940397350993378,0.944919689586717,0.944919689586717
"1987-10-05 11:05:07 UTC","S","FS",11,5464704,496791.272727273,5296928,481538.909090909,2.1921,2.1921,0.969298245614035,0.969298245614035,0.945118676833852,0.945118676833852
"1987-10-05 11:05:08 UTC","S","FS",11,5440736,494612.363636364,4949392,449944.727272727,6.11127272727273,6.11127272727273,0.909691629955947,0.909691629955947,0.944833096590909,0.944833096590909
"1987-10-05 11:05:09 UTC","S","FS",11,5476688,497880.727272727,4302256,391114.181818182,4.61827272727273,4.61827272727273,0.785557986870897,0.785557986870897,0.943551085827007,0.943551085827007
"1987-10-05 11:05:10 UTC","S","FS",11,5452720,495701.818181818,4254320,386756.363636364,8.26818181818182,8.26818181818182,0.78021978021978,0.78021978021978,0.942252585965893,0.942252585965893
"1987-10-05 11:05:11 UTC","S","FS",11,5464704,496791.272727273,5141136,467376,9.00181818181818,9.00181818181818,0.940789473684211,0.940789473684211,0.942241020662876,0.942241020662876
"1987-10-05 11:05:12 UTC","S","FS",11,5452720,495701.818181818,4997328,454302.545454545,4.74518181818182,4.74518181818182,0.916483516483516,0.916483516483516,0.942039454448515,0.942039454448515
"1987-10-05 11:05:13 UTC","S","FS",11,5452720,495701.818181818,5248992,477181.090909091,6.161,6.161,0.962637362637363,0.962637362637363,0.942199392470733,0.942199392470733
"1987-10-05 11:05:14 UTC","S","FS",11,5464704,496791.272727273,4805584,436871.272727273,9.99333333333333,9.99333333333333,0.879385964912281,0.879385964912281,0.941714363125275,0.941714363125275
"1987-10-05 11:05:15 UTC","S","FS",11,5416768,492433.454545455,4470032,406366.545454545,5.234375,5.234375,0.825221238938053,0.825221238938053,0.940829496185259,0.940829496185259
"1987-10-05 11:05:16 UTC","S","FS",11,5476688,497880.727272727,3870832,351893.818181818,14.2633333333333,14.2633333333333,0.706783369803063,0.706783369803063,0.939045744876007,0.939045744876007
"1987-10-05 11:05:17 UTC","S","FS",11,5464704,496791.272727273,5189072,471733.818181818,6.56681818181818,6.56681818181818,0.949561403508772,0.949561403508772,0.939125109650938,0.939125109650938
"1987-10-05 11:05:18 UTC","S","FS",11,5440736,494612.363636364,5153120,468465.454545455,3.70327272727273,3.70327272727273,0.947136563876652,0.947136563876652,0.939184860282884,0.939184860282884
"1987-10-05 11:05:19 UTC","S","FS",11,5452720,495701.818181818,4877488,443408,5.29327272727273,5.29327272727273,0.894505494505495,0.894505494505495,0.938853378554657,0.938853378554657
"1987-10-05 11:05:20 UTC","S","FS",11,5440736,494612.363636364,4853520,441229.090909091,5.69181818181818,5.69181818181818,0.892070484581498,0.892070484581498,0.938509598264867,0.938509598264867
"1987-10-05 11:05:21 UTC","S","FS",11,5476688,497880.727272727,5332880,484807.272727273,15.4903,15.4903,0.973741794310722,0.973741794310722,0.938768296405791,0.938768296405791
"1987-10-05 11:05:22 UTC","S","FS",11,5452720,495701.818181818,5093200,463018.181818182,10.5646363636364,10.5646363636364,0.934065934065934,0.934065934065934,0.938734169138993,0.938734169138993
"1987-10-05 11:05:23 UTC","S","FS",11,5452720,495701.818181818,5189072,471733.818181818,3.5969,3.5969,0.951648351648352,0.951648351648352,0.938827218166558,0.938827218166558
"1987-10-05 11:05:24 UTC","S","FS",11,5488672,498970.181818182,4458048,405277.090909091,5.3945,5.3945,0.812227074235808,0.812227074235808,0.93791563821592,0.93791563821592
"1987-10-05 11:05:25 UTC","S","FS",11,5416768,492433.454545455,4697728,427066.181818182,11.2127272727273,11.2127272727273,0.867256637168142,0.867256637168142,0.937417068639848,0.937417068639848
"1987-10-05 11:05:26 UTC","S","FS",11,5488672,498970.181818182,4601856,418350.545454545,11.0023333333333,11.0023333333333,0.838427947598253,0.838427947598253,0.936714354356216,0.936714354356216
"1987-10-05 11:05:27 UTC","S","FS",11,5416768,492433.454545455,4973360,452123.636363636,8.31181818181818,8.31181818181818,0.918141592920354,0.918141592920354,0.93658514060552,0.93658514060552
"1987-10-05 11:05:28 UTC","S","FS",11,5476688,497880.727272727,5105184,464107.636363636,20.7466666666667,20.7466666666667,0.932166301969365,0.932166301969365,0.936554275058845,0.936554275058845
"1987-10-05 11:05:29 UTC","S","FS",11,5440736,494612.363636364,5332880,484807.272727273,8.196,8.196,0.980176211453744,0.980176211453744,0.93685488767456,0.93685488767456
"1987-10-05 11:05:30 UTC","S","FS",11,5452720,495701.818181818,5153120,468465.454545455,7.61125,7.61125,0.945054945054945,0.945054945054945,0.936911132886108,0.936911132886108
"1987-10-05 11:05:31 UTC","S","FS",11,5488672,498970.181818182,5141136,467376,3.752875,3.752875,0.936681222707424,0.936681222707424,0.93690955639064,0.93690955639064
"1987-10-05 11:05:32 UTC","S","FS",11,5464704,496791.272727273,5141136,467376,3.900625,3.900625,0.940789473684211,0.940789473684211,0.936935865217327,0.936935865217327
"1987-10-05 11:05:33 UTC","S","FS",11,5392800,490254.545454545,4913440,446676.363636364,9.31275,9.31275,0.911111111111111,0.911111111111111,0.936764206265971,0.936764206265971
"1987-10-05 11:05:34 UTC","S","FS",11,5476688,497880.727272727,4817568,437960.727272727,4.583,4.583,0.87964989059081,0.87964989059081,0.936381243030694,0.936381243030694
"1987-10-05 11:05:35 UTC","S","FS",11,5404784,491344,5248992,477181.090909091,3.5859,3.5859,0.971175166297118,0.971175166297118,0.936609966912997,0.936609966912997
"1987-10-05 11:05:36 UTC","S","FS",11,5476688,497880.727272727,5452720,495701.818181818,9.68827272727273,9.68827272727273,0.99562363238512,0.99562363238512,0.937000463338353,0.937000463338353
"1987-10-05 11:05:37 UTC","S","FS",11,5452720,495701.818181818,5488672,498970.181818182,3.58463636363636,3.58463636363636,1,1,0.937455947294984,0.937455947294984
"1987-10-05 11:05:38 UTC","S","FS",11,5488672,498970.181818182,5093200,463018.181818182,10.465,10.465,0.927947598253275,0.927947598253275,0.937393715077811,0.937393715077811
"1987-10-05 11:05:39 UTC","S","FS",11,5440736,494612.363636364,4985344,453213.090909091,5.18075,5.18075,0.916299559471366,0.916299559471366,0.937257741619457,0.937257741619457
"1987-10-05 11:05:40 UTC","S","FS",11,5476688,497880.727272727,5117168,465197.090909091,4.96090909090909,4.96090909090909,0.934354485776805,0.934354485776805,0.937239024940752,0.937239024940752
"1987-10-05 11:05:41 UTC","S","FS",11,5452720,495701.818181818,5213040,473912.727272727,17.0282222222222,17.0282222222222,0.956043956043956,0.956043956043956,0.937358956029323,0.937358956029323
"1987-10-05 11:05:42 UTC","S","FS",11,5452720,495701.818181818,5272960,479360,4.582,4.582,0.967032967032967,0.967032967032967,0.937547006880414,0.937547006880414
"1987-10-05 11:05:43 UTC","S","FS",11,5452720,495701.818181818,5440736,494612.363636364,606.75,606.75,0.997802197802198,0.997802197802198,0.937926452880849,0.937926452880849
"1987-10-05 11:05:44 UTC","S","FS",11,5440736,494612.363636364,5129152,466286.545454545,601.615384615385,601.615384615385,0.94273127753304,0.94273127753304,0.937956455361932,0.937956455361932
"1987-10-05 11:05:45 UTC","S","FS",11,5452720,495701.818181818,4865504,442318.545454545,726.833333333333,726.833333333333,0.892307692307692,0.892307692307692,0.937672562259096,0.937672562259096
"1987-10-05 11:05:46 UTC","S","FS",11,5440736,494612.363636364,4829552,439050.181818182,223.719090909091,223.719090909091,0.887665198237885,0.887665198237885,0.937364159965225,0.937364159965225
"1987-10-05 11:05:47 UTC","S","FS",11,5416768,492433.454545455,5260976,478270.545454545,41.971,41.971,0.971238938053097,0.971238938053097,0.937570880812227,0.937570880812227
"1987-10-05 11:05:48 UTC","S","FS",11,5452720,495701.818181818,5320896,483717.818181818,30.0075,30.0075,0.975824175824176,0.975824175824176,0.937804436214323,0.937804436214323
"1987-10-05 11:05:49 UTC","S","FS",11,5452720,495701.818181818,5380816,489165.090909091,35.8346,35.8346,0.986813186813187,0.986813186813187,0.938101843207341,0.938101843207341
"1987-10-05 11:05:50 UTC","S","FS",11,5464704,496791.272727273,5464704,496791.272727273,15.5145454545455,15.5145454545455,1,1,0.938476018771376,0.938476018771376
"1987-10-05 11:05:51 UTC","S","FS",11,5440736,494612.363636364,5356848,486986.181818182,25.2473,25.2473,0.984581497797357,0.984581497797357,0.938751844823951,0.938751844823951
"1987-10-05 11:05:52 UTC","S","FS",11,5464704,496791.272727273,5308912,482628.363636364,23.5766666666667,23.5766666666667,0.971491228070175,0.971491228070175,0.938947395997066,0.938947395997066
"1987-10-05 11:05:53 UTC","S","FS",11,5428752,493522.909090909,5296928,481538.909090909,22.6479285714286,22.6479285714286,0.975717439293598,0.975717439293598,0.939164290271755,0.939164290271755
"1987-10-05 11:05:54 UTC","S","FS",11,5464704,496791.272727273,5165104,469554.909090909,19.7364285714286,19.7364285714286,0.945175438596491,0.945175438596491,0.939199772177132,0.939199772177132
"1987-10-05 11:05:55 UTC","S","FS",11,5404784,491344,5440736,494612.363636364,36.3471428571429,36.3471428571429,1,1,0.939591269432719,0.939591269432719
"1987-10-05 11:05:56 UTC","S","FS",11,5464704,496791.272727273,5368832,488075.636363636,10.83,10.83,0.982456140350877,0.982456140350877,0.939841351074719,0.939841351074719
"1987-10-05 11:05:57 UTC","S","FS",11,5404784,491344,5440736,494612.363636364,24.9344444444444,24.9344444444444,1,1,0.940224650494206,0.940224650494206
"1987-10-05 11:05:58 UTC","S","FS",11,5452720,495701.818181818,5428752,493522.909090909,56.4871428571429,56.4871428571429,0.995604395604396,0.995604395604396,0.94054334353578,0.94054334353578
"1987-10-05 11:05:59 UTC","S","FS",11,5440736,494612.363636364,5368832,488075.636363636,15.3933333333333,15.3933333333333,0.986784140969163,0.986784140969163,0.940807344064386,0.940807344064386
"1987-10-05 11:06:00 UTC","S","FS",11,5452720,495701.818181818,5404784,491344,60.04,60.04,0.991208791208791,0.991208791208791,0.94109409190372,0.94109409190372
"1987-10-05 11:06:01 UTC","S","FS",11,5464704,496791.272727273,5344864,485896.727272727,16.2241666666667,16.2241666666667,0.978070175438597,0.978070175438597,0.941303726175231,0.941303726175231
"1987-10-05 11:06:02 UTC","S","FS",11,5440736,494612.363636364,5428752,493522.909090909,71.4275,71.4275,0.997797356828194,0.997797356828194,0.941620819682265,0.941620819682265
"1987-10-05 11:06:03 UTC","S","FS",11,5476688,497880.727272727,5392800,490254.545454545,24.03,24.03,0.984682713347921,0.984682713347921,0.94186275232967,0.94186275232967
"1987-10-05 11:06:04 UTC","S","FS",11,5452720,495701.818181818,5093200,463018.181818182,21.9444444444444,21.9444444444444,0.934065934065934,0.934065934065934,0.941819382128929,0.941819382128929
"1987-10-05 11:06:05 UTC","S","FS",11,5452720,495701.818181818,4745664,431424,7.85333333333333,7.85333333333333,0.87032967032967,0.87032967032967,0.941423916743666,0.941423916743666
"1987-10-05 11:06:06 UTC","S","FS",11,5488672,498970.181818182,5201056,472823.272727273,76.18,76.18,0.947598253275109,0.947598253275109,0.94145810663765,0.94145810663765
"1987-10-05 11:06:07 UTC","S","FS",11,5452720,495701.818181818,4158448,378040.727272727,101.769230769231,101.769230769231,0.762637362637363,0.762637362637363,0.94047976913365,0.94047976913365
"1987-10-05 11:06:08 UTC","S","FS",11,5464704,496791.272727273,5213040,473912.727272727,57.6272727272727,57.6272727272727,0.953947368421053,0.953947368421053,0.940553210317982,0.940553210317982
"1987-10-05 11:06:09 UTC","S","FS",11,5452720,495701.818181818,5308912,482628.363636364,74.8714285714286,74.8714285714286,0.973626373626374,0.973626373626374,0.940732194681003,0.940732194681003
"1987-10-05 11:06:10 UTC","S","FS",11,5452720,495701.818181818,4961376,451034.181818182,138.692307692308,138.692307692308,0.90989010989011,0.90989010989011,0.940566182820504,0.940566182820504
"1987-10-05 11:06:11 UTC","S","FS",11,5464704,496791.272727273,4422096,402008.727272727,208.090909090909,208.090909090909,0.809210526315789,0.809210526315789,0.939861390565616,0.939861390565616
"1987-10-05 11:06:12 UTC","S","FS",11,5440736,494612.363636364,4721696,429245.090909091,503.25,503.25,0.86784140969163,0.86784140969163,0.939478704603177,0.939478704603177
"1987-10-05 11:06:13 UTC","S","FS",11,5452720,495701.818181818,4470032,406366.545454545,90.839,90.839,0.81978021978022,0.81978021978022,0.938844649343392,0.938844649343392
"1987-10-05 11:06:14 UTC","S","FS",11,5440736,494612.363636364,4757648,432513.454545455,43.4391666666667,43.4391666666667,0.874449339207048,0.874449339207048,0.938506079907354,0.938506079907354
"1987-10-05 11:06:15 UTC","S","FS",11,5440736,494612.363636364,5416768,492433.454545455,109.33,109.33,0.995594713656388,0.995594713656388,0.938804663379568,0.938804663379568
"1987-10-05 11:06:16 UTC","S","FS",11,5488672,498970.181818182,5117168,465197.090909091,218.3,218.3,0.932314410480349,0.932314410480349,0.938770598886113,0.938770598886113
"1987-10-05 11:06:17 UTC","S","FS",11,5440736,494612.363636364,5189072,471733.818181818,412.333333333333,412.333333333333,0.95374449339207,0.95374449339207,0.938848100688586,0.938848100688586
"1987-10-05 11:06:18 UTC","S","FS",11,5428752,493522.909090909,4458048,405277.090909091,304.636363636364,304.636363636364,0.821192052980132,0.821192052980132,0.938243600358403,0.938243600358403
"1987-10-05 11:06:19 UTC","S","FS",11,5452720,495701.818181818,4973360,452123.636363636,79.5333333333333,79.5333333333333,0.912087912087912,0.912087912087912,0.938109315760968,0.938109315760968
"1987-10-05 11:06:20 UTC","S","FS",11,5476688,497880.727272727,5093200,463018.181818182,98.54,98.54,0.929978118161926,0.929978118161926,0.938067601396482,0.938067601396482
"1987-10-05 11:06:21 UTC","S","FS",11,5452720,495701.818181818,5248992,477181.090909091,22.4783333333333,22.4783333333333,0.962637362637363,0.962637362637363,0.938192458899214,0.938192458899214
"1987-10-05 11:06:22 UTC","S","FS",11,5452720,495701.818181818,4817568,437960.727272727,30.8633636363636,30.8633636363636,0.883516483516483,0.883516483516483,0.937916013823605,0.937916013823605
"1987-10-05 11:06:23 UTC","S","FS",11,5452720,495701.818181818,4781616,434692.363636364,15.2121428571429,15.2121428571429,0.876923076923077,0.876923076923077,0.937609181168874,0.937609181168874
"1987-10-05 11:06:24 UTC","S","FS",11,5416768,492433.454545455,4973360,452123.636363636,49.1745454545455,49.1745454545455,0.918141592920354,0.918141592920354,0.937512376509934,0.937512376509934
"1987-10-05 11:06:25 UTC","S","FS",11,5500656,500059.636363636,4458048,405277.090909091,22.94,22.94,0.810457516339869,0.810457516339869,0.936874021695108,0.936874021695108
"1987-10-05 11:06:26 UTC","S","FS",11,5380816,489165.090909091,5320896,483717.818181818,74.1117777777778,74.1117777777778,0.988864142538975,0.988864142538975,0.937128292268479,0.937128292268479
"1987-10-05 11:06:27 UTC","S","FS",11,5488672,498970.181818182,5392800,490254.545454545,20.26,20.26,0.982532751091703,0.982532751091703,0.937353680742218,0.937353680742218
"1987-10-05 11:06:28 UTC","S","FS",11,5416768,492433.454545455,4625824,420529.454545455,10.0571428571429,10.0571428571429,0.853982300884956,0.853982300884956,0.936947236722896,0.936947236722896
"1987-10-05 11:06:29 UTC","S","FS",11,5476688,497880.727272727,4170432,379130.181818182,18.51,18.51,0.761487964989059,0.761487964989059,0.936086634540049,0.936086634540049
"1987-10-05 11:06:30 UTC","S","FS",11,5416768,492433.454545455,5272960,479360,14.0614285714286,14.0614285714286,0.973451327433628,0.973451327433628,0.936267022696929,0.936267022696929
"1987-10-05 11:06:31 UTC","S","FS",11,5488672,498970.181818182,4781616,434692.363636364,37.0657142857143,37.0657142857143,0.87117903930131,0.87117903930131,0.935950171656941,0.935950171656941
"1987-10-05 11:06:32 UTC","S","FS",11,5440736,494612.363636364,5308912,482628.363636364,52.7853846153846,52.7853846153846,0.975770925110132,0.975770925110132,0.936141404952558,0.936141404952558
"1987-10-05 11:06:33 UTC","S","FS",11,5476688,497880.727272727,5260976,478270.545454545,32.475,32.475,0.960612691466083,0.960612691466083,0.936259132155715,0.936259132155715
"1987-10-05 11:06:34 UTC","S","FS",11,5464704,496791.272727273,5272960,479360,55.15,55.15,0.964912280701754,0.964912280701754,0.936396018858041,0.936396018858041
"1987-10-05 11:06:35 UTC","S","FS",11,5464704,496791.272727273,4589872,417261.090909091,47.72625,47.72625,0.839912280701754,0.839912280701754,0.935937271912081,0.935937271912081
"1987-10-05 11:06:36 UTC","S","FS",11,5464704,496791.272727273,5428752,493522.909090909,29.3475,29.3475,0.993421052631579,0.993421052631579,0.936209294120089,0.936209294120089
"1987-10-05 11:06:37 UTC","S","FS",11,5416768,492433.454545455,4997328,454302.545454545,114.75,114.75,0.922566371681416,0.922566371681416,0.936145598777036,0.936145598777036
"1987-10-05 11:06:38 UTC","S","FS",11,5452720,495701.818181818,4997328,454302.545454545,60.1616666666667,60.1616666666667,0.916483516483516,0.916483516483516,0.936053624484677,0.936053624484677
"1987-10-05 11:06:39 UTC","S","FS",11,5416768,492433.454545455,4901456,445586.909090909,69.6230769230769,69.6230769230769,0.904867256637168,0.904867256637168,0.935909374648233,0.935909374648233
"1987-10-05 11:06:40 UTC","S","FS",11,5500656,500059.636363636,4601856,418350.545454545,168.481818181818,168.481818181818,0.836601307189543,0.836601307189543,0.935445100835201,0.935445100835201
"1987-10-05 11:06:41 UTC","S","FS",11,5404784,491344,5440736,494612.363636364,56.556,56.556,1,1,0.935770700895256,0.935770700895256
"1987-10-05 11:06:42 UTC","S","FS",11,5452720,495701.818181818,5464704,496791.272727273,67.7945454545455,67.7945454545455,1,1,0.936075732192237,0.936075732192237
"1987-10-05 11:06:43 UTC","S","FS",11,5476688,497880.727272727,5213040,473912.727272727,21.0025,21.0025,0.951859956236324,0.951859956236324,0.936148197261485,0.936148197261485
"1987-10-05 11:06:44 UTC","S","FS",11,5452720,495701.818181818,5201056,472823.272727273,29.335,29.335,0.953846153846154,0.953846153846154,0.936228724574491,0.936228724574491
"1987-10-05 11:06:45 UTC","S","FS",11,5476688,497880.727272727,4805584,436871.272727273,71.275,71.275,0.87746170678337,0.87746170678337,0.935961375740381,0.935961375740381
"1987-10-05 11:06:46 UTC","S","FS",11,5452720,495701.818181818,4505984,409634.909090909,12.601,12.601,0.826373626373626,0.826373626373626,0.93546724804281,0.93546724804281
"1987-10-05 11:06:47 UTC","S","FS",11,5452720,495701.818181818,5488672,498970.181818182,22.8242857142857,22.8242857142857,1,1,0.93578651408277,0.93578651408277
"1987-10-05 11:06:48 UTC","S","FS",11,5464704,496791.272727273,5141136,467376,32.956,32.956,0.940789473684211,0.940789473684211,0.935808919574547,0.935808919574547
"1987-10-05 11:06:49 UTC","S","FS",11,5440736,494612.363636364,5260976,478270.545454545,39.2533333333333,39.2533333333333,0.966960352422907,0.966960352422907,0.935947201173307,0.935947201173307
"1987-10-05 11:06:50 UTC","S","FS",11,5464704,496791.272727273,5344864,485896.727272727,14.55,14.55,0.978070175438597,0.978070175438597,0.936134175662653,0.936134175662653
"1987-10-05 11:06:51 UTC","S","FS",11,5428752,493522.909090909,5201056,472823.272727273,55.12625,55.12625,0.958057395143488,0.958057395143488,0.936230423321445,0.936230423321445
"1987-10-05 11:06:52 UTC","S","FS",11,5476688,497880.727272727,5033280,457570.909090909,26.4122222222222,26.4122222222222,0.919037199124726,0.919037199124726,0.936154610627068,0.936154610627068
"1987-10-05 11:06:53 UTC","S","FS",11,5476688,497880.727272727,4338208,394382.545454545,29.7918181818182,29.7918181818182,0.792122538293217,0.792122538293217,0.935522296297719,0.935522296297719
"1987-10-05 11:06:54 UTC","S","FS",11,5440736,494612.363636364,5392800,490254.545454545,69.05,69.05,0.991189427312775,0.991189427312775,0.935764021730813,0.935764021730813
"1987-10-05 11:06:55 UTC","S","FS",11,5476688,497880.727272727,4769632,433602.909090909,161.188888888889,161.188888888889,0.87089715536105,0.87089715536105,0.935481720614423,0.935481720614423
"1987-10-05 11:06:56 UTC","S","FS",12,5512640,459386.666666667,4517968,376497.333333333,218.090909090909,218.090909090909,0.819565217391304,0.819565217391304,0.934976154130598,0.934976154130598
"1987-10-05 11:06:57 UTC","S","FS",14,6854848,489632,5237008,374072,209.866666666667,209.866666666667,0.763986013986014,0.763986013986014,0.934053809375619,0.934053809375619
"1987-10-05 11:06:58 UTC","S","FS",14,6902784,493056,5836208,416872,162.977777777778,162.977777777778,0.845486111111111,0.845486111111111,0.933575321008845,0.933575321008845
"1987-10-05 11:06:59 UTC","S","FS",14,6998656,499904,5728352,409168,180.874444444444,180.874444444444,0.818493150684932,0.818493150684932,0.932948386675497,0.932948386675497
"1987-10-05 11:07:00 UTC","S","FS",14,6902784,493056,6519296,465664,39.7775,39.7775,0.944444444444444,0.944444444444444,0.933009825844104,0.933009825844104
"1987-10-05 11:07:01 UTC","S","FS",14,6950720,496480,6015968,429712,222.166666666667,222.166666666667,0.86551724137931,0.86551724137931,0.932648559853078,0.932648559853078
"1987-10-05 11:07:02 UTC","S","FS",14,6938736,495624,5884144,420296,113.785714285714,113.785714285714,0.848013816925734,0.848013816925734,0.932198722185503,0.932198722185503
"1987-10-05 11:07:03 UTC","S","FS",14,6938736,495624,5344864,381776,37.295,37.295,0.770293609671848,0.770293609671848,0.931342738437657,0.931342738437657
"1987-10-05 11:07:04 UTC","S","FS",14,6974688,498192,6411440,457960,12.514,12.514,0.919243986254295,0.919243986254295,0.931278781438186,0.931278781438186
"1987-10-05 11:07:05 UTC","S","FS",14,6926752,494768,6147792,439128,36.5272727272727,36.5272727272727,0.887543252595156,0.887543252595156,0.931050372712898,0.931050372712898
"1987-10-05 11:07:06 UTC","S","FS",14,6926752,494768,6243664,445976,142.55,142.55,0.901384083044983,0.901384083044983,0.930896245494504,0.930896245494504
"1987-10-05 11:07:07 UTC","S","FS",14,6962704,497336,6483344,463096,105.674285714286,105.674285714286,0.931153184165232,0.931153184165232,0.930897580342293,0.930897580342293
"1987-10-05 11:07:08 UTC","S","FS",14,6938736,495624,5872160,419440,85.5272727272727,85.5272727272727,0.846286701208981,0.846286701208981,0.930461779331572,0.930461779331572
"1987-10-05 11:07:09 UTC","S","FS",15,7418096,494539.733333333,6411440,427429.333333333,59.2846153846154,59.2846153846154,0.864297253634895,0.864297253634895,0.930099440866303,0.930099440866303
"1987-10-05 11:07:10 UTC","S","FS",15,7454048,496936.533333333,5668432,377895.466666667,79.25,79.25,0.760450160771704,0.760450160771704,0.929170992661939,0.929170992661939
"1987-10-05 11:07:11 UTC","S","FS",15,7454048,496936.533333333,6327552,421836.8,15.2433333333333,15.2433333333333,0.84887459807074,0.84887459807074,0.928733942385103,0.928733942385103
"1987-10-05 11:07:12 UTC","S","FS",15,7454048,496936.533333333,6171760,411450.666666667,30.993,30.993,0.827974276527331,0.827974276527331,0.928188480217236,0.928188480217236
"1987-10-05 11:07:13 UTC","S","FS",15,7442064,496137.6,5932080,395472,43.7625,43.7625,0.797101449275362,0.797101449275362,0.927483790545278,0.927483790545278
"1987-10-05 11:07:14 UTC","S","FS",15,7466032,497735.466666667,6207712,413847.466666667,5.25,5.25,0.831460674157303,0.831460674157303,0.926968710716192,0.926968710716192
"1987-10-05 11:07:15 UTC","S","FS",15,7418096,494539.733333333,6279616,418641.066666667,10.8416666666667,10.8416666666667,0.846526655896607,0.846526655896607,0.926542252978306,0.926542252978306
"1987-10-05 11:07:16 UTC","S","FS",15,7490000,499333.333333333,6195728,413048.533333333,22.74,22.74,0.8272,0.8272,0.926013323564991,0.926013323564991
"1987-10-05 11:07:17 UTC","S","FS",15,7418096,494539.733333333,6758976,450598.4,18.68,18.68,0.911147011308562,0.911147011308562,0.925935341722808,0.925935341722808
"1987-10-05 11:07:18 UTC","S","FS",15,7478016,498534.4,6423424,428228.266666667,36.8285714285714,36.8285714285714,0.858974358974359,0.858974358974359,0.925583120484873,0.925583120484873
"1987-10-05 11:07:19 UTC","S","FS",15,7406112,493740.8,6267632,417842.133333333,13.9,13.9,0.846278317152104,0.846278317152104,0.925172121730526,0.925172121730526
"1987-10-05 11:07:20 UTC","S","FS",15,7430080,495338.666666667,6711040,447402.666666667,233.454545454545,233.454545454545,0.903225806451613,0.903225806451613,0.92505860662234,0.92505860662234
"1987-10-05 11:07:21 UTC","S","FS",15,7442064,496137.6,6459376,430625.066666667,367.428571428571,367.428571428571,0.867954911433172,0.867954911433172,0.924764291879689,0.924764291879689
"1987-10-05 11:07:22 UTC","S","FS",15,7466032,497735.466666667,6243664,416244.266666667,437.727272727273,437.727272727273,0.836276083467095,0.836276083467095,0.924309104870738,0.924309104870738
"1987-10-05 11:07:23 UTC","S","FS",15,7430080,495338.666666667,6375488,425032.533333333,621.846153846154,621.846153846154,0.858064516129032,0.858064516129032,0.923971708110506,0.923971708110506
"1987-10-05 11:07:24 UTC","S","FS",15,7454048,496936.533333333,7082544,472169.6,80.6,80.6,0.95016077170418,0.95016077170418,0.924104844180363,0.924104844180363
"1987-10-05 11:07:25 UTC","S","FS",15,7382144,492142.933333333,6327552,421836.8,38.1621428571429,38.1621428571429,0.857142857142857,0.857142857142857,0.92376940529727,0.92376940529727
"1987-10-05 11:07:26 UTC","S","FS",15,7430080,495338.666666667,6567232,437815.466666667,65.6,65.6,0.883870967741936,0.883870967741936,0.923569249690506,0.923569249690506
"1987-10-05 11:07:27 UTC","S","FS",15,7442064,496137.6,6291600,419440,4.44571428571429,4.44571428571429,0.845410628019324,0.845410628019324,0.923178488044441,0.923178488044441
"1987-10-05 11:07:28 UTC","S","FS",15,7430080,495338.666666667,6135808,409053.866666667,40.4157142857143,40.4157142857143,0.825806451612903,0.825806451612903,0.922694865016422,0.922694865016422
"1987-10-05 11:07:29 UTC","S","FS",15,7466032,497735.466666667,5404784,360318.933333333,46.102,46.102,0.723916532905297,0.723916532905297,0.921707731182196,0.921707731182196
"1987-10-05 11:07:30 UTC","S","FS",15,7394128,492941.866666667,6387472,425831.466666667,67.4875,67.4875,0.86385737439222,0.86385737439222,0.921424605377965,0.921424605377965
"1987-10-05 11:07:31 UTC","S","FS",15,7478016,498534.4,6543264,436217.6,102.335555555556,102.335555555556,0.875,0.875,0.921195952452366,0.921195952452366
"1987-10-05 11:07:32 UTC","S","FS",15,7442064,496137.6,6543264,436217.6,154.766666666667,154.766666666667,0.879227053140097,0.879227053140097,0.920991242194557,0.920991242194557
"1987-10-05 11:07:33 UTC","S","FS",15,7466032,497735.466666667,6651120,443408,26.5057142857143,26.5057142857143,0.890850722311397,0.890850722311397,0.920844471540903,0.920844471540903
"1987-10-05 11:07:34 UTC","S","FS",15,7442064,496137.6,6603184,440212.266666667,206,206,0.887278582930757,0.887278582930757,0.920682332625487,0.920682332625487
"1987-10-05 11:07:35 UTC","S","FS",15,7478016,498534.4,6171760,411450.666666667,134.4125,134.4125,0.825320512820513,0.825320512820513,0.920221700997809,0.920221700997809
"1987-10-05 11:07:36 UTC","S","FS",15,7430080,495338.666666667,6099856,406657.066666667,73.0444444444444,73.0444444444444,0.820967741935484,0.820967741935484,0.919747617543508,0.919747617543508
"1987-10-05 11:07:37 UTC","S","FS",15,7442064,496137.6,5872160,391477.333333333,25.92375,25.92375,0.789049919484702,0.789049919484702,0.91912531435932,0.91912531435932
"1987-10-05 11:07:38 UTC","S","FS",15,7454048,496936.533333333,5944064,396270.933333333,53.8188888888889,53.8188888888889,0.797427652733119,0.797427652733119,0.918547685545534,0.918547685545534
"1987-10-05 11:07:39 UTC","S","FS",15,7442064,496137.6,6411440,427429.333333333,22.775,22.775,0.861513687600644,0.861513687600644,0.918278687902056,0.918278687902056
"1987-10-05 11:07:40 UTC","S","FS",15,7394128,492941.866666667,6591200,439413.333333333,26.2291666666667,26.2291666666667,0.891410048622366,0.891410048622366,0.918153366998276,0.918153366998276
"1987-10-05 11:07:41 UTC","S","FS",15,7466032,497735.466666667,6339536,422635.733333333,67.6,67.6,0.849117174959872,0.849117174959872,0.917829760659709,0.917829760659709
"1987-10-05 11:07:42 UTC","S","FS",15,7442064,496137.6,6375488,425032.533333333,7.90583333333333,7.90583333333333,0.856682769726248,0.856682769726248,0.91754538373974,0.91754538373974
"1987-10-05 11:07:43 UTC","S","FS",15,7418096,494539.733333333,5452720,363514.666666667,39.3933333333333,39.3933333333333,0.735056542810985,0.735056542810985,0.916703318001893,0.916703318001893
"1987-10-05 11:07:44 UTC","S","FS",15,7442064,496137.6,6003984,400265.6,143.458333333333,143.458333333333,0.806763285024155,0.806763285024155,0.916196723257747,0.916196723257747
"1987-10-05 11:07:45 UTC","S","FS",15,7442064,496137.6,6255648,417043.2,43.2806666666667,43.2806666666667,0.840579710144927,0.840579710144927,0.915849884407153,0.915849884407153
"1987-10-05 11:07:46 UTC","S","FS",15,7430080,495338.666666667,6447392,429826.133333333,46.196,46.196,0.867741935483871,0.867741935483871,0.915630583270225,0.915630583270225
"1987-10-05 11:07:47 UTC","S","FS",15,7454048,496936.533333333,5920096,394673.066666667,14.6,14.6,0.794212218649518,0.794212218649518,0.91507783738683,0.91507783738683
"1987-10-05 11:07:48 UTC","S","FS",15,7406112,493740.8,6135808,409053.866666667,20.775,20.775,0.828478964401295,0.828478964401295,0.914687903008401,0.914687903008401
"1987-10-05 11:07:49 UTC","S","FS",15,7466032,497735.466666667,5404784,360318.933333333,17.8918181818182,17.8918181818182,0.723916532905297,0.723916532905297,0.913825867471278,0.913825867471278
"1987-10-05 11:07:50 UTC","S","FS",15,7442064,496137.6,5956048,397069.866666667,17.38,17.38,0.800322061191626,0.800322061191626,0.91331691854462,0.91331691854462
"1987-10-05 11:07:51 UTC","S","FS",15,7430080,495338.666666667,5860176,390678.4,25.4183333333333,25.4183333333333,0.788709677419355,0.788709677419355,0.912761567933982,0.912761567933982
"1987-10-05 11:07:52 UTC","S","FS",15,7454048,496936.533333333,6147792,409852.8,13.55,13.55,0.82475884244373,0.82475884244373,0.91236984291695,0.91236984291695
"1987-10-05 11:07:53 UTC","S","FS",15,7430080,495338.666666667,6075888,405059.2,19.515,19.515,0.817741935483871,0.817741935483871,0.911951836414805,0.911951836414805
"1987-10-05 11:07:54 UTC","S","FS",15,7406112,493740.8,5668432,377895.466666667,15.486,15.486,0.76537216828479,0.76537216828479,0.911309257801139,0.911309257801139
"1987-10-05 11:07:55 UTC","S","FS",15,7454048,496936.533333333,5320896,354726.4,48.41,48.41,0.713826366559486,0.713826366559486,0.910441752886754,0.910441752886754
"1987-10-05 11:07:56 UTC","S","FS",15,7442064,496137.6,5932080,395472,34.6857142857143,34.6857142857143,0.797101449275362,0.797101449275362,0.909946841424312,0.909946841424312
"1987-10-05 11:07:57 UTC","S","FS",15,7394128,492941.866666667,6111840,407456,51.494,51.494,0.826580226904376,0.826580226904376,0.909586720155706,0.909586720155706
"1987-10-05 11:07:58 UTC","S","FS",15,7490000,499333.333333333,5956048,397069.866666667,171.214285714286,171.214285714286,0.7952,0.7952,0.909088374297704,0.909088374297704
"1987-10-05 11:07:59 UTC","S","FS",15,7430080,495338.666666667,5992000,399466.666666667,155.7,155.7,0.806451612903226,0.806451612903226,0.908646705256875,0.908646705256875
"1987-10-05 11:08:00 UTC","S","FS",15,7430080,495338.666666667,5512640,367509.333333333,302,302,0.741935483870968,0.741935483870968,0.907932383308684,0.907932383308684
"1987-10-05 11:08:01 UTC","S","FS",15,7454048,496936.533333333,6039936,402662.4,NA,302,0.810289389067524,0.810289389067524,0.907514450867052,0.907514450867052
"1987-10-05 11:08:02 UTC","S","FS",15,7406112,493740.8,6111840,407456,NA,302,0.825242718446602,0.825242718446602,0.907166056818649,0.907166056818649
"1987-10-05 11:08:03 UTC","S","FS",15,7454048,496936.533333333,5932080,395472,NA,302,0.795819935691318,0.795819935691318,0.906693504366812,0.906693504366812
"1987-10-05 11:08:04 UTC","S","FS",15,7418096,494539.733333333,6495328,433021.866666667,NA,302,0.875605815831987,0.875605815831987,0.906562756915049,0.906562756915049
"1987-10-05 11:08:05 UTC","S","FS",15,7442064,496137.6,5956048,397069.866666667,NA,302,0.800322061191626,0.800322061191626,0.906116373477672,0.906116373477672
"1987-10-05 11:08:06 UTC","S","FS",15,7442064,496137.6,5788272,385884.8,NA,302,0.777777777777778,0.777777777777778,0.905579399141631,0.905579399141631
"1987-10-05 11:08:07 UTC","S","FS",15,7442064,496137.6,5632480,375498.666666667,NA,302,0.756843800322061,0.756843800322061,0.904959675796084,0.904959675796084
"1987-10-05 11:08:08 UTC","S","FS",15,7466032,497735.466666667,6315568,421037.866666667,NA,302,0.845906902086677,0.845906902086677,0.904713860956135,0.904713860956135
"1987-10-05 11:08:09 UTC","S","FS",15,7430080,495338.666666667,6699056,446603.733333333,NA,302,0.901612903225806,0.901612903225806,0.904701067970855,0.904701067970855
"1987-10-05 11:08:10 UTC","S","FS",15,7418096,494539.733333333,6303584,420238.933333333,NA,302,0.849757673667205,0.849757673667205,0.904475693155914,0.904475693155914
"1987-10-05 11:08:11 UTC","S","FS",15,7454048,496936.533333333,5668432,377895.466666667,NA,302,0.760450160771704,0.760450160771704,0.903884481871098,0.903884481871098
"1987-10-05 11:08:12 UTC","S","FS",15,7442064,496137.6,6375488,425032.533333333,NA,302,0.856682769726248,0.856682769726248,0.903691824354079,0.903691824354079
"1987-10-05 11:08:13 UTC","S","FS",15,7418096,494539.733333333,6195728,413048.533333333,NA,302,0.835218093699515,0.835218093699515,0.903414372307974,0.903414372307974
"1987-10-05 11:08:14 UTC","S","FS",15,7430080,495338.666666667,6087872,405858.133333333,NA,302,0.819354838709677,0.819354838709677,0.903074596116986,0.903074596116986
"1987-10-05 11:08:15 UTC","S","FS",15,7442064,496137.6,6135808,409053.866666667,NA,302,0.824476650563607,0.824476650563607,0.902757666859299,0.902757666859299
"1987-10-05 11:08:16 UTC","S","FS",15,7442064,496137.6,5848192,389879.466666667,NA,302,0.785829307568438,0.785829307568438,0.902288072018005,0.902288072018005
"1987-10-05 11:08:17 UTC","S","FS",15,7442064,496137.6,4038608,269240.533333333,NA,302,0.542673107890499,0.542673107890499,0.900849602895993,0.900849602895993
"1987-10-05 11:08:18 UTC","S","FS",15,7454048,496936.533333333,4877488,325165.866666667,NA,302,0.654340836012862,0.654340836012862,0.899865914762849,0.899865914762849
"1987-10-05 11:08:19 UTC","S","FS",15,7490000,499333.333333333,6639136,442609.066666667,NA,302,0.8864,0.8864,0.899812135773438,0.899812135773438
"1987-10-05 11:08:20 UTC","S","FS",15,7430080,495338.666666667,6135808,409053.866666667,NA,302,0.825806451612903,0.825806451612903,0.899520099798875,0.899520099798875
"1987-10-05 11:08:21 UTC","S","FS",15,7430080,495338.666666667,6051920,403461.333333333,NA,302,0.814516129032258,0.814516129032258,0.899185981640209,0.899185981640209
"1987-10-05 11:08:22 UTC","S","FS",15,7442064,496137.6,6399456,426630.4,NA,302,0.859903381642512,0.859903381642512,0.89903193417405,0.89903193417405
"1987-10-05 11:08:23 UTC","S","FS",15,7466032,497735.466666667,6015968,401064.533333333,NA,302,0.80577849117175,0.80577849117175,0.898666498930683,0.898666498930683
"1987-10-05 11:08:24 UTC","S","FS",15,7442064,496137.6,4589872,305991.466666667,NA,302,0.616747181964573,0.616747181964573,0.897569564100476,0.897569564100476
"1987-10-05 11:08:25 UTC","S","FS",15,7430080,495338.666666667,6195728,413048.533333333,NA,302,0.833870967741935,0.833870967741935,0.897323072506101,0.897323072506101
"1987-10-05 11:08:26 UTC","S","FS",15,7490000,499333.333333333,5560576,370705.066666667,NA,302,0.7424,0.7424,0.89672108725116,0.89672108725116
"1987-10-05 11:08:27 UTC","S","FS",15,7454048,496936.533333333,4961376,330758.4,NA,302,0.665594855305466,0.665594855305466,0.895830752842669,0.895830752842669
"1987-10-05 11:08:28 UTC","S","FS",15,7442064,496137.6,5812240,387482.666666667,NA,302,0.780998389694042,0.780998389694042,0.895390803817656,0.895390803817656
"1987-10-05 11:08:29 UTC","S","FS",15,7430080,495338.666666667,5872160,391477.333333333,NA,302,0.790322580645161,0.790322580645161,0.894990443060925,0.894990443060925
"1987-10-05 11:08:30 UTC","S","FS",15,7466032,497735.466666667,5860176,390678.4,NA,302,0.784911717495987,0.784911717495987,0.894570567923003,0.894570567923003
"1987-10-05 11:08:31 UTC","S","FS",15,7406112,493740.8,6039936,402662.4,NA,302,0.815533980582524,0.815533980582524,0.894272644098811,0.894272644098811
"1987-10-05 11:08:32 UTC","S","FS",15,7478016,498534.4,5117168,341144.533333333,NA,302,0.684294871794872,0.684294871794872,0.89347649081872,0.89347649081872
"1987-10-05 11:08:33 UTC","S","FS",15,7418096,494539.733333333,6219696,414646.4,NA,302,0.838449111470113,0.838449111470113,0.89327029595685,0.89327029595685
"1987-10-05 11:08:34 UTC","S","FS",15,7466032,497735.466666667,5956048,397069.866666667,NA,302,0.797752808988764,0.797752808988764,0.892911419887104,0.892911419887104
"1987-10-05 11:08:35 UTC","S","FS",15,7430080,495338.666666667,5368832,357922.133333333,NA,302,0.72258064516129,0.72258064516129,0.892276911245163,0.892276911245163
"1987-10-05 11:08:36 UTC","S","FS",15,7430080,495338.666666667,6303584,420238.933333333,NA,302,0.848387096774194,0.848387096774194,0.892114021645436,0.892114021645436
"1987-10-05 11:08:37 UTC","S","FS",15,7418096,494539.733333333,4769632,317975.466666667,NA,302,0.64297253634895,0.64297253634895,0.891194274638437,0.891194274638437
"1987-10-05 11:08:38 UTC","S","FS",15,7454048,496936.533333333,5320896,354726.4,NA,302,0.713826366559486,0.713826366559486,0.890538749948009,0.890538749948009
"1987-10-05 11:08:39 UTC","S","FS",15,7442064,496137.6,6375488,425032.533333333,NA,302,0.856682769726248,0.856682769726248,0.890414283853704,0.890414283853704
"1987-10-05 11:08:40 UTC","S","FS",15,7418096,494539.733333333,4829552,321970.133333333,NA,302,0.651050080775444,0.651050080775444,0.889540336327763,0.889540336327763
"1987-10-05 11:08:41 UTC","S","FS",15,7478016,498534.4,4697728,313181.866666667,NA,302,0.628205128205128,0.628205128205128,0.888581989997708,0.888581989997708
"1987-10-05 11:08:42 UTC","S","FS",15,7430080,495338.666666667,4997328,333155.2,NA,302,0.67258064516129,0.67258064516129,0.887797822942833,0.887797822942833
"1987-10-05 11:08:43 UTC","S","FS",15,7454048,496936.533333333,4146464,276430.933333333,NA,302,0.556270096463023,0.556270096463023,0.886594750383599,0.886594750383599
"1987-10-05 11:08:44 UTC","S","FS",15,7430080,495338.666666667,5237008,349133.866666667,NA,302,0.704838709677419,0.704838709677419,0.885939670857967,0.885939670857967
"1987-10-05 11:08:45 UTC","S","FS",15,7442064,496137.6,6447392,429826.133333333,NA,302,0.86634460547504,0.86634460547504,0.885869187460902,0.885869187460902
"1987-10-05 11:08:46 UTC","S","FS",15,7454048,496936.533333333,4973360,331557.333333333,NA,302,0.667202572347267,0.667202572347267,0.885084205787633,0.885084205787633
"1987-10-05 11:08:47 UTC","S","FS",15,7466032,497735.466666667,5452720,363514.666666667,NA,302,0.730337078651685,0.730337078651685,0.884529786242948,0.884529786242948
"1987-10-05 11:08:48 UTC","S","FS",15,7418096,494539.733333333,6291600,419440,NA,302,0.848142164781906,0.848142164781906,0.88440071515346,0.88440071515346
"1987-10-05 11:08:49 UTC","S","FS",15,7442064,496137.6,5129152,341943.466666667,NA,302,0.689210950080515,0.689210950080515,0.883708580532065,0.883708580532065
"1987-10-05 11:08:50 UTC","S","FS",15,7418096,494539.733333333,6507312,433820.8,NA,302,0.877221324717286,0.877221324717286,0.883685731843321,0.883685731843321
"1987-10-05 11:08:51 UTC","S","FS",15,7430080,495338.666666667,6555248,437016.533333333,NA,302,0.882258064516129,0.882258064516129,0.883680713054522,0.883680713054522
"1987-10-05 11:08:52 UTC","S","FS",15,7466032,497735.466666667,6471360,431424,NA,302,0.86677367576244,0.86677367576244,0.883621201078021,0.883621201078021
"1987-10-05 11:08:53 UTC","S","FS",15,7406112,493740.8,6483344,432222.933333333,NA,302,0.875404530744337,0.875404530744337,0.883592610734816,0.883592610734816
"1987-10-05 11:08:54 UTC","S","FS",15,7501984,500132.266666667,6579216,438614.4,NA,302,0.876996805111821,0.876996805111821,0.883569444834067,0.883569444834067
"1987-10-05 11:08:55 UTC","S","FS",15,7454048,496936.533333333,6519296,434619.733333333,NA,302,0.87459807073955,0.87459807073955,0.883538245637576,0.883538245637576
